accuracy,f1,precision,recall,auc
0.98875,0.994343180389692,0.9899874843554443,0.9987373737373737,0.8318536931818181
