accuracy,f1,precision,recall,auc
0.965,0.9821882951653944,0.965,1.0,0.5007286269430051
