model,accuracy,f1,precision,recall,auc,mlflow_run_id
Lead Only,0.98875,0.994343180389692,0.9899874843554443,0.9987373737373737,0.8318536931818181,9a382b4472ac47b18627e93efbe12b46
Lead + CRM,0.965,0.9821882951653944,0.965,1.0,0.5007286269430051,c2ee5b07ff8148a5bb7eac44cc39f1b5
